requirement_id,sub_requirement,language,control_description,code_example,label,score,reason
6,6.2,Python,Secure configuration management,DB_PASSWORD = os.getenv('DB_PASSWORD'),Compliant,5,Implementation follows PCI DSS Requirement 6 secure coding standards.
6,6.2,Java,Secure configuration management,"String dbPassword = System.getenv(""DB_PASSWORD"");",Compliant,5,Implementation follows PCI DSS Requirement 6 secure coding standards.
6,6.2,NodeJS,Secure configuration management,const dbPassword = process.env.DB_PASSWORD;,Compliant,5,Implementation follows PCI DSS Requirement 6 secure coding standards.
6,6.2,Python,Secure configuration management,DB_PASSWORD = os.getenv('DB_PASSWORD'),Compliant,5,Implementation follows PCI DSS Requirement 6 secure coding standards.
6,6.2,Java,Secure configuration management,"String dbPassword = System.getenv(""DB_PASSWORD"");",Compliant,5,Implementation follows PCI DSS Requirement 6 secure coding standards.
6,6.2,NodeJS,Secure configuration management,const dbPassword = process.env.DB_PASSWORD;,Compliant,5,Implementation follows PCI DSS Requirement 6 secure coding standards.
6,6.2,Python,Secure configuration management,DB_PASSWORD = os.getenv('DB_PASSWORD'),Compliant,5,Implementation follows PCI DSS Requirement 6 secure coding standards.
6,6.2,Java,Secure configuration management,"String dbPassword = System.getenv(""DB_PASSWORD"");",Compliant,5,Implementation follows PCI DSS Requirement 6 secure coding standards.
6,6.2,NodeJS,Secure configuration management,const dbPassword = process.env.DB_PASSWORD;,Compliant,5,Implementation follows PCI DSS Requirement 6 secure coding standards.
6,6.2,Python,Secure configuration management,DB_PASSWORD = os.getenv('DB_PASSWORD'),Compliant,5,Implementation follows PCI DSS Requirement 6 secure coding standards.
6,6.2,Java,Secure configuration management,"String dbPassword = System.getenv(""DB_PASSWORD"");",Compliant,5,Implementation follows PCI DSS Requirement 6 secure coding standards.
6,6.2,NodeJS,Secure configuration management,const dbPassword = process.env.DB_PASSWORD;,Compliant,5,Implementation follows PCI DSS Requirement 6 secure coding standards.
6,6.2,Python,Secure configuration management,DB_PASSWORD = os.getenv('DB_PASSWORD'),Compliant,5,Implementation follows PCI DSS Requirement 6 secure coding standards.
6,6.2,Java,Secure configuration management,"String dbPassword = System.getenv(""DB_PASSWORD"");",Compliant,5,Implementation follows PCI DSS Requirement 6 secure coding standards.
6,6.2,NodeJS,Secure configuration management,const dbPassword = process.env.DB_PASSWORD;,Compliant,5,Implementation follows PCI DSS Requirement 6 secure coding standards.
6,6.2,Python,Secure configuration management,DB_PASSWORD = os.getenv('DB_PASSWORD'),Compliant,5,Implementation follows PCI DSS Requirement 6 secure coding standards.
6,6.2,Java,Secure configuration management,"String dbPassword = System.getenv(""DB_PASSWORD"");",Compliant,5,Implementation follows PCI DSS Requirement 6 secure coding standards.
6,6.3.2,YAML,Code review before deployment,"pull_request:
  reviewers: 2",Compliant,5,Implementation follows PCI DSS Requirement 6 secure coding standards.
6,6.3.2,Git,Code review before deployment,"git commit -m ""Reviewed and approved change""",Compliant,5,Implementation follows PCI DSS Requirement 6 secure coding standards.
6,6.3.2,GitHub Actions,Code review before deployment,required_pull_request_reviews: 1,Compliant,5,Implementation follows PCI DSS Requirement 6 secure coding standards.
6,6.3.2,YAML,Code review before deployment,"pull_request:
  reviewers: 2",Compliant,5,Implementation follows PCI DSS Requirement 6 secure coding standards.
6,6.3.2,Git,Code review before deployment,"git commit -m ""Reviewed and approved change""",Compliant,5,Implementation follows PCI DSS Requirement 6 secure coding standards.
6,6.3.2,GitHub Actions,Code review before deployment,required_pull_request_reviews: 1,Compliant,5,Implementation follows PCI DSS Requirement 6 secure coding standards.
6,6.3.2,YAML,Code review before deployment,"pull_request:
  reviewers: 2",Compliant,5,Implementation follows PCI DSS Requirement 6 secure coding standards.
6,6.3.2,Git,Code review before deployment,"git commit -m ""Reviewed and approved change""",Compliant,5,Implementation follows PCI DSS Requirement 6 secure coding standards.
6,6.3.2,GitHub Actions,Code review before deployment,required_pull_request_reviews: 1,Compliant,5,Implementation follows PCI DSS Requirement 6 secure coding standards.
6,6.3.2,YAML,Code review before deployment,"pull_request:
  reviewers: 2",Compliant,5,Implementation follows PCI DSS Requirement 6 secure coding standards.
6,6.3.2,Git,Code review before deployment,"git commit -m ""Reviewed and approved change""",Compliant,5,Implementation follows PCI DSS Requirement 6 secure coding standards.
6,6.3.2,GitHub Actions,Code review before deployment,required_pull_request_reviews: 1,Compliant,5,Implementation follows PCI DSS Requirement 6 secure coding standards.
6,6.3.2,YAML,Code review before deployment,"pull_request:
  reviewers: 2",Compliant,5,Implementation follows PCI DSS Requirement 6 secure coding standards.
6,6.3.2,Git,Code review before deployment,"git commit -m ""Reviewed and approved change""",Compliant,5,Implementation follows PCI DSS Requirement 6 secure coding standards.
6,6.3.2,GitHub Actions,Code review before deployment,required_pull_request_reviews: 1,Compliant,5,Implementation follows PCI DSS Requirement 6 secure coding standards.
6,6.3.2,YAML,Code review before deployment,"pull_request:
  reviewers: 2",Compliant,5,Implementation follows PCI DSS Requirement 6 secure coding standards.
6,6.3.2,Git,Code review before deployment,"git commit -m ""Reviewed and approved change""",Compliant,5,Implementation follows PCI DSS Requirement 6 secure coding standards.
6,6.4,Git,Change control process,git checkout -b feature/security-fix,Compliant,5,Implementation follows PCI DSS Requirement 6 secure coding standards.
6,6.4,Git,Change control process,git merge --no-ff feature/security-fix,Compliant,5,Implementation follows PCI DSS Requirement 6 secure coding standards.
6,6.4,Git,Change control process,git tag v1.2.3,Compliant,5,Implementation follows PCI DSS Requirement 6 secure coding standards.
6,6.4,Git,Change control process,git checkout -b feature/security-fix,Compliant,5,Implementation follows PCI DSS Requirement 6 secure coding standards.
6,6.4,Git,Change control process,git merge --no-ff feature/security-fix,Compliant,5,Implementation follows PCI DSS Requirement 6 secure coding standards.
6,6.4,Git,Change control process,git tag v1.2.3,Compliant,5,Implementation follows PCI DSS Requirement 6 secure coding standards.
6,6.4,Git,Change control process,git checkout -b feature/security-fix,Compliant,5,Implementation follows PCI DSS Requirement 6 secure coding standards.
6,6.4,Git,Change control process,git merge --no-ff feature/security-fix,Compliant,5,Implementation follows PCI DSS Requirement 6 secure coding standards.
6,6.4,Git,Change control process,git tag v1.2.3,Compliant,5,Implementation follows PCI DSS Requirement 6 secure coding standards.
6,6.4,Git,Change control process,git checkout -b feature/security-fix,Compliant,5,Implementation follows PCI DSS Requirement 6 secure coding standards.
6,6.4,Git,Change control process,git merge --no-ff feature/security-fix,Compliant,5,Implementation follows PCI DSS Requirement 6 secure coding standards.
6,6.4,Git,Change control process,git tag v1.2.3,Compliant,5,Implementation follows PCI DSS Requirement 6 secure coding standards.
6,6.4,Git,Change control process,git checkout -b feature/security-fix,Compliant,5,Implementation follows PCI DSS Requirement 6 secure coding standards.
6,6.4,Git,Change control process,git merge --no-ff feature/security-fix,Compliant,5,Implementation follows PCI DSS Requirement 6 secure coding standards.
6,6.4,Git,Change control process,git tag v1.2.3,Compliant,5,Implementation follows PCI DSS Requirement 6 secure coding standards.
6,6.4,Git,Change control process,git checkout -b feature/security-fix,Compliant,5,Implementation follows PCI DSS Requirement 6 secure coding standards.
6,6.4,Git,Change control process,git merge --no-ff feature/security-fix,Compliant,5,Implementation follows PCI DSS Requirement 6 secure coding standards.
6,6.5,Python,Secure coding practices,"if not re.match(r'^[a-zA-Z0-9]+$', user): raise ValueError()",Compliant,5,Implementation follows PCI DSS Requirement 6 secure coding standards.
6,6.5,Java,Secure coding practices,"if(!input.matches(""[a-zA-Z0-9]+"")) throw new Exception();",Compliant,5,Implementation follows PCI DSS Requirement 6 secure coding standards.
6,6.5,C++,Secure coding practices,"if(!std::regex_match(input, pattern)) throw;",Compliant,5,Implementation follows PCI DSS Requirement 6 secure coding standards.
6,6.5,Python,Secure coding practices,"if not re.match(r'^[a-zA-Z0-9]+$', user): raise ValueError()",Compliant,5,Implementation follows PCI DSS Requirement 6 secure coding standards.
6,6.5,Java,Secure coding practices,"if(!input.matches(""[a-zA-Z0-9]+"")) throw new Exception();",Compliant,5,Implementation follows PCI DSS Requirement 6 secure coding standards.
6,6.5,C++,Secure coding practices,"if(!std::regex_match(input, pattern)) throw;",Compliant,5,Implementation follows PCI DSS Requirement 6 secure coding standards.
6,6.5,Python,Secure coding practices,"if not re.match(r'^[a-zA-Z0-9]+$', user): raise ValueError()",Compliant,5,Implementation follows PCI DSS Requirement 6 secure coding standards.
6,6.5,Java,Secure coding practices,"if(!input.matches(""[a-zA-Z0-9]+"")) throw new Exception();",Compliant,5,Implementation follows PCI DSS Requirement 6 secure coding standards.
6,6.5,C++,Secure coding practices,"if(!std::regex_match(input, pattern)) throw;",Compliant,5,Implementation follows PCI DSS Requirement 6 secure coding standards.
6,6.5,Python,Secure coding practices,"if not re.match(r'^[a-zA-Z0-9]+$', user): raise ValueError()",Compliant,5,Implementation follows PCI DSS Requirement 6 secure coding standards.
6,6.5,Java,Secure coding practices,"if(!input.matches(""[a-zA-Z0-9]+"")) throw new Exception();",Compliant,5,Implementation follows PCI DSS Requirement 6 secure coding standards.
6,6.5,C++,Secure coding practices,"if(!std::regex_match(input, pattern)) throw;",Compliant,5,Implementation follows PCI DSS Requirement 6 secure coding standards.
6,6.5,Python,Secure coding practices,"if not re.match(r'^[a-zA-Z0-9]+$', user): raise ValueError()",Compliant,5,Implementation follows PCI DSS Requirement 6 secure coding standards.
6,6.5,Java,Secure coding practices,"if(!input.matches(""[a-zA-Z0-9]+"")) throw new Exception();",Compliant,5,Implementation follows PCI DSS Requirement 6 secure coding standards.
6,6.5,C++,Secure coding practices,"if(!std::regex_match(input, pattern)) throw;",Compliant,5,Implementation follows PCI DSS Requirement 6 secure coding standards.
6,6.5,Python,Secure coding practices,"if not re.match(r'^[a-zA-Z0-9]+$', user): raise ValueError()",Compliant,5,Implementation follows PCI DSS Requirement 6 secure coding standards.
6,6.5,Java,Secure coding practices,"if(!input.matches(""[a-zA-Z0-9]+"")) throw new Exception();",Compliant,5,Implementation follows PCI DSS Requirement 6 secure coding standards.
6,6.5.1,Python,SQL injection prevention,"cursor.execute(""SELECT * FROM users WHERE id=?"", (uid,))",Compliant,5,Implementation follows PCI DSS Requirement 6 secure coding standards.
6,6.5.1,Java,SQL injection prevention,PreparedStatement ps = conn.prepareStatement(sql);,Compliant,5,Implementation follows PCI DSS Requirement 6 secure coding standards.
6,6.5.1,PHP,SQL injection prevention,$stmt = $pdo->prepare($sql);,Compliant,5,Implementation follows PCI DSS Requirement 6 secure coding standards.
6,6.5.1,Python,SQL injection prevention,"cursor.execute(""SELECT * FROM users WHERE id=?"", (uid,))",Compliant,5,Implementation follows PCI DSS Requirement 6 secure coding standards.
6,6.5.1,Java,SQL injection prevention,PreparedStatement ps = conn.prepareStatement(sql);,Compliant,5,Implementation follows PCI DSS Requirement 6 secure coding standards.
6,6.5.1,PHP,SQL injection prevention,$stmt = $pdo->prepare($sql);,Compliant,5,Implementation follows PCI DSS Requirement 6 secure coding standards.
6,6.5.1,Python,SQL injection prevention,"cursor.execute(""SELECT * FROM users WHERE id=?"", (uid,))",Compliant,5,Implementation follows PCI DSS Requirement 6 secure coding standards.
6,6.5.1,Java,SQL injection prevention,PreparedStatement ps = conn.prepareStatement(sql);,Compliant,5,Implementation follows PCI DSS Requirement 6 secure coding standards.
6,6.5.1,PHP,SQL injection prevention,$stmt = $pdo->prepare($sql);,Compliant,5,Implementation follows PCI DSS Requirement 6 secure coding standards.
6,6.5.1,Python,SQL injection prevention,"cursor.execute(""SELECT * FROM users WHERE id=?"", (uid,))",Compliant,5,Implementation follows PCI DSS Requirement 6 secure coding standards.
6,6.5.1,Java,SQL injection prevention,PreparedStatement ps = conn.prepareStatement(sql);,Compliant,5,Implementation follows PCI DSS Requirement 6 secure coding standards.
6,6.5.1,PHP,SQL injection prevention,$stmt = $pdo->prepare($sql);,Compliant,5,Implementation follows PCI DSS Requirement 6 secure coding standards.
6,6.5.1,Python,SQL injection prevention,"cursor.execute(""SELECT * FROM users WHERE id=?"", (uid,))",Compliant,5,Implementation follows PCI DSS Requirement 6 secure coding standards.
6,6.5.1,Java,SQL injection prevention,PreparedStatement ps = conn.prepareStatement(sql);,Compliant,5,Implementation follows PCI DSS Requirement 6 secure coding standards.
6,6.5.1,PHP,SQL injection prevention,$stmt = $pdo->prepare($sql);,Compliant,5,Implementation follows PCI DSS Requirement 6 secure coding standards.
6,6.5.1,Python,SQL injection prevention,"cursor.execute(""SELECT * FROM users WHERE id=?"", (uid,))",Compliant,5,Implementation follows PCI DSS Requirement 6 secure coding standards.
6,6.5.1,Java,SQL injection prevention,PreparedStatement ps = conn.prepareStatement(sql);,Compliant,5,Implementation follows PCI DSS Requirement 6 secure coding standards.
6,6.5.10,Python,Secure password storage,"bcrypt.hashpw(password, bcrypt.gensalt())",Compliant,5,Implementation follows PCI DSS Requirement 6 secure coding standards.
6,6.5.10,Java,Secure password storage,"BCrypt.hashpw(password, BCrypt.gensalt());",Compliant,5,Implementation follows PCI DSS Requirement 6 secure coding standards.
6,6.5.10,PHP,Secure password storage,"password_hash($password, PASSWORD_BCRYPT);",Compliant,5,Implementation follows PCI DSS Requirement 6 secure coding standards.
6,6.5.10,Python,Secure password storage,"bcrypt.hashpw(password, bcrypt.gensalt())",Compliant,5,Implementation follows PCI DSS Requirement 6 secure coding standards.
6,6.5.10,Java,Secure password storage,"BCrypt.hashpw(password, BCrypt.gensalt());",Compliant,5,Implementation follows PCI DSS Requirement 6 secure coding standards.
6,6.5.10,PHP,Secure password storage,"password_hash($password, PASSWORD_BCRYPT);",Compliant,5,Implementation follows PCI DSS Requirement 6 secure coding standards.
6,6.5.10,Python,Secure password storage,"bcrypt.hashpw(password, bcrypt.gensalt())",Compliant,5,Implementation follows PCI DSS Requirement 6 secure coding standards.
6,6.5.10,Java,Secure password storage,"BCrypt.hashpw(password, BCrypt.gensalt());",Compliant,5,Implementation follows PCI DSS Requirement 6 secure coding standards.
6,6.5.10,PHP,Secure password storage,"password_hash($password, PASSWORD_BCRYPT);",Compliant,5,Implementation follows PCI DSS Requirement 6 secure coding standards.
6,6.5.10,Python,Secure password storage,"bcrypt.hashpw(password, bcrypt.gensalt())",Compliant,5,Implementation follows PCI DSS Requirement 6 secure coding standards.
6,6.5.10,Java,Secure password storage,"BCrypt.hashpw(password, BCrypt.gensalt());",Compliant,5,Implementation follows PCI DSS Requirement 6 secure coding standards.
6,6.5.10,PHP,Secure password storage,"password_hash($password, PASSWORD_BCRYPT);",Compliant,5,Implementation follows PCI DSS Requirement 6 secure coding standards.
6,6.5.10,Python,Secure password storage,"bcrypt.hashpw(password, bcrypt.gensalt())",Compliant,5,Implementation follows PCI DSS Requirement 6 secure coding standards.
6,6.5.10,Java,Secure password storage,"BCrypt.hashpw(password, BCrypt.gensalt());",Compliant,5,Implementation follows PCI DSS Requirement 6 secure coding standards.
6,6.5.10,PHP,Secure password storage,"password_hash($password, PASSWORD_BCRYPT);",Compliant,5,Implementation follows PCI DSS Requirement 6 secure coding standards.
6,6.5.10,Python,Secure password storage,"bcrypt.hashpw(password, bcrypt.gensalt())",Compliant,5,Implementation follows PCI DSS Requirement 6 secure coding standards.
6,6.5.10,Java,Secure password storage,"BCrypt.hashpw(password, BCrypt.gensalt());",Compliant,5,Implementation follows PCI DSS Requirement 6 secure coding standards.
6,6.6,Nginx,Web application firewall protection,modsecurity on;,Compliant,5,Implementation follows PCI DSS Requirement 6 secure coding standards.
6,6.6,Apache,Web application firewall protection,SecRuleEngine On,Compliant,5,Implementation follows PCI DSS Requirement 6 secure coding standards.
6,6.6,AWS WAF,Web application firewall protection,"rule_action = ""BLOCK""",Compliant,5,Implementation follows PCI DSS Requirement 6 secure coding standards.
6,6.6,Nginx,Web application firewall protection,modsecurity on;,Compliant,5,Implementation follows PCI DSS Requirement 6 secure coding standards.
6,6.6,Apache,Web application firewall protection,SecRuleEngine On,Compliant,5,Implementation follows PCI DSS Requirement 6 secure coding standards.
6,6.6,AWS WAF,Web application firewall protection,"rule_action = ""BLOCK""",Compliant,5,Implementation follows PCI DSS Requirement 6 secure coding standards.
6,6.6,Nginx,Web application firewall protection,modsecurity on;,Compliant,5,Implementation follows PCI DSS Requirement 6 secure coding standards.
6,6.6,Apache,Web application firewall protection,SecRuleEngine On,Compliant,5,Implementation follows PCI DSS Requirement 6 secure coding standards.
6,6.6,AWS WAF,Web application firewall protection,"rule_action = ""BLOCK""",Compliant,5,Implementation follows PCI DSS Requirement 6 secure coding standards.
6,6.6,Nginx,Web application firewall protection,modsecurity on;,Compliant,5,Implementation follows PCI DSS Requirement 6 secure coding standards.
6,6.6,Apache,Web application firewall protection,SecRuleEngine On,Compliant,5,Implementation follows PCI DSS Requirement 6 secure coding standards.
6,6.6,AWS WAF,Web application firewall protection,"rule_action = ""BLOCK""",Compliant,5,Implementation follows PCI DSS Requirement 6 secure coding standards.
6,6.6,Nginx,Web application firewall protection,modsecurity on;,Compliant,5,Implementation follows PCI DSS Requirement 6 secure coding standards.
6,6.6,Apache,Web application firewall protection,SecRuleEngine On,Compliant,5,Implementation follows PCI DSS Requirement 6 secure coding standards.
6,6.6,AWS WAF,Web application firewall protection,"rule_action = ""BLOCK""",Compliant,5,Implementation follows PCI DSS Requirement 6 secure coding standards.
6,6.6,Nginx,Web application firewall protection,modsecurity on;,Compliant,5,Implementation follows PCI DSS Requirement 6 secure coding standards.
6,6.6,Apache,Web application firewall protection,SecRuleEngine On,Compliant,5,Implementation follows PCI DSS Requirement 6 secure coding standards.
